source,page,links,new,total
yell,1,20,20,20
yell,2,20,20,40
yell,3,20,20,60
yell,4,20,20,80
yell,5,20,20,100
yell,6,20,20,120
yell,7,20,20,140
yell,8,20,20,160
yell,9,20,20,180
yell,10,20,20,200
yell,11,20,20,220
yell,12,20,20,240
yell,13,20,20,260
yell,14,20,20,280
yell,15,20,20,300
yell,16,20,20,320
yell,17,20,20,340
yell,18,20,20,360
yell,19,20,20,380
yell,20,20,20,400
zoon,1,30,30,30
zoon,2,30,30,60
zoon,3,30,30,90
zoon,4,30,30,120
zoon,5,30,30,150
zoon,6,30,30,180
zoon,7,30,30,210
zoon,8,30,30,240
